model,dataset,accuracy,precision,recall,f1_score
RandomForest,train,0.892954396921066,0.8929659563525055,0.892954396921066,0.8923189544781698
RandomForest,val,0.437,0.40459049471495284,0.437,0.41185186957146097
