model,dataset,accuracy,precision,recall,f1_score
RandomForest,train,0.9008494500644069,0.900796252641863,0.9008494500644069,0.9003601113285432
RandomForest,val,0.457,0.42270402201184254,0.457,0.43152830444421636
