model,dataset,accuracy,precision,recall,f1_score
RandomForest,train,0.8905520054220222,0.890632763621779,0.8905520054220222,0.8898648666116243
RandomForest,val,0.45,0.4163265456822245,0.45,0.42553002892079994
